<?xml version="1.0" encoding="UTF-8"?>
<GenRun Id="audio_system_myPrescaler_0_0_synth_1" LaunchPart="xc7z020clg400-1" LaunchTime="1687164989">
  <File Type="PA-TCL" Name="audio_system_myPrescaler_0_0.tcl"/>
  <File Type="REPORTS-TCL" Name="audio_system_myPrescaler_0_0_reports.tcl"/>
  <File Type="RDS-RDS" Name="audio_system_myPrescaler_0_0.vds"/>
  <File Type="RDS-UTIL" Name="audio_system_myPrescaler_0_0_utilization_synth.rpt"/>
  <File Type="RDS-UTIL-PB" Name="audio_system_myPrescaler_0_0_utilization_synth.pb"/>
  <File Type="RDS-DCP" Name="audio_system_myPrescaler_0_0.dcp"/>
  <FileSet Name="sources" Type="BlockSrcs" RelSrcDir="$PSRCDIR/audio_system_myPrescaler_0_0">
    <File Path="$PSRCDIR/sources_1/bd/audio_system/ip/audio_system_myPrescaler_0_0/audio_system_myPrescaler_0_0.xci">
      <FileInfo>
        <Attr Name="ImportPath" Val="$PPRDIR/../../../../../../../../../../EEE3313_projects/final_project/final_project.srcs/sources_1/bd/audio_system/ip/audio_system_myPrescaler_0_0/audio_system_myPrescaler_0_0.xci"/>
        <Attr Name="ImportTime" Val="1687164674"/>
        <Attr Name="UsedIn" Val="synthesis"/>
        <Attr Name="UsedIn" Val="implementation"/>
        <Attr Name="UsedIn" Val="simulation"/>
      </FileInfo>
    </File>
    <Config>
      <Option Name="TopModule" Val="audio_system_myPrescaler_0_0"/>
      <Option Name="UseBlackboxStub" Val="1"/>
    </Config>
  </FileSet>
  <FileSet Name="constrs_in" Type="BlockSrcs" RelSrcDir="$PSRCDIR/audio_system_myPrescaler_0_0">
    <File Path="$PSRCDIR/sources_1/bd/audio_system/ip/audio_system_myPrescaler_0_0/audio_system_myPrescaler_0_0.xci">
      <FileInfo>
        <Attr Name="ImportPath" Val="$PPRDIR/../../../../../../../../../../EEE3313_projects/final_project/final_project.srcs/sources_1/bd/audio_system/ip/audio_system_myPrescaler_0_0/audio_system_myPrescaler_0_0.xci"/>
        <Attr Name="ImportTime" Val="1687164674"/>
        <Attr Name="UsedIn" Val="synthesis"/>
        <Attr Name="UsedIn" Val="implementation"/>
        <Attr Name="UsedIn" Val="simulation"/>
      </FileInfo>
    </File>
    <Config>
      <Option Name="TopModule" Val="audio_system_myPrescaler_0_0"/>
      <Option Name="UseBlackboxStub" Val="1"/>
    </Config>
  </FileSet>
  <FileSet Name="utils" Type="Utils" RelSrcDir="$PSRCDIR/utils_1">
    <Filter Type="Utils"/>
    <Config>
      <Option Name="TopAutoSet" Val="TRUE"/>
    </Config>
  </FileSet>
  <Strategy Version="1" Minor="2">
    <StratHandle Name="Vivado Synthesis Defaults" Flow="Vivado Synthesis 2020"/>
    <Step Id="synth_design"/>
  </Strategy>
</GenRun>
