{
  "version": "2020.2",
  "applications": [],
  "platforms": [
    {
      "name": "HDMI_TOP"
    }
  ],
  "systems": [
    {
      "name": "aaaaa_system",
      "platform": "C:/EEE3313_projects/final_project/workspace/HDMI_TOP/export/HDMI_TOP/HDMI_TOP.xpfm",
      "sysConfig": "HDMI_TOP",
      "buildConfig": "Debug",
      "applications": [
        {
          "name": "aaaaa",
          "platform": "C:/EEE3313_projects/final_project/workspace/HDMI_TOP/export/HDMI_TOP/HDMI_TOP.xpfm",
          "platformPath": "C:\\EEE3313_projects\\final_project\\workspace\\HDMI_TOP\\export\\HDMI_TOP",
          "sysConfig": "HDMI_TOP",
          "domain": "standalone_ps7_cortexa9_0",
          "system": "aaaaa_system"
        }
      ],
      "platformPath": "C:\\EEE3313_projects\\final_project\\workspace\\HDMI_TOP\\export\\HDMI_TOP"
    }
  ],
  "others": []
}