<?xml version="1.0" encoding="UTF-8"?>
<GenRun Id="impl_1" LaunchPart="xc7z020clg400-1" LaunchTime="1687358715">
  <File Type="ROUTE-PWR" Name="HDMI_TOP_power_routed.rpt"/>
  <File Type="PA-TCL" Name="HDMI_TOP.tcl"/>
  <File Type="ROUTE-PWR-SUM" Name="HDMI_TOP_power_summary_routed.pb"/>
  <File Type="REPORTS-TCL" Name="HDMI_TOP_reports.tcl"/>
  <File Type="BITSTR-MSK" Name="HDMI_TOP.msk"/>
  <File Type="ROUTE-CLK" Name="HDMI_TOP_clock_utilization_routed.rpt"/>
  <File Type="RDI-RDI" Name="HDMI_TOP.vdi"/>
  <File Type="BG-BIT" Name="HDMI_TOP.bit"/>
  <File Type="BG-DRC" Name="HDMI_TOP.drc"/>
  <File Type="BG-BGN" Name="HDMI_TOP.bgn"/>
  <File Type="BG-BIN" Name="HDMI_TOP.bin"/>
  <File Type="BITSTR-RBT" Name="HDMI_TOP.rbt"/>
  <File Type="BITSTR-NKY" Name="HDMI_TOP.nky"/>
  <File Type="BITSTR-BMM" Name="HDMI_TOP_bd.bmm"/>
  <File Type="ROUTE-METHODOLOGY-DRC" Name="HDMI_TOP_methodology_drc_routed.rpt"/>
  <File Type="BITSTR-MMI" Name="HDMI_TOP.mmi"/>
  <File Type="BITSTR-SYSDEF" Name="HDMI_TOP.sysdef"/>
  <File Type="BITSTR-LTX" Name="debug_nets.ltx"/>
  <File Type="BITSTR-LTX" Name="HDMI_TOP.ltx"/>
  <File Type="WBT-USG" Name="usage_statistics_webtalk.html"/>
  <File Type="OPT-DRC" Name="HDMI_TOP_drc_opted.rpt"/>
  <File Type="OPT-HWDEF" Name="HDMI_TOP.hwdef"/>
  <File Type="PLACE-IO" Name="HDMI_TOP_io_placed.rpt"/>
  <File Type="PLACE-UTIL" Name="HDMI_TOP_utilization_placed.rpt"/>
  <File Type="PLACE-UTIL-PB" Name="HDMI_TOP_utilization_placed.pb"/>
  <File Type="PLACE-CTRL" Name="HDMI_TOP_control_sets_placed.rpt"/>
  <File Type="PLACE-PRE-SIMILARITY" Name="HDMI_TOP_incremental_reuse_pre_placed.rpt"/>
  <File Type="ROUTE-DRC" Name="HDMI_TOP_drc_routed.rpt"/>
  <File Type="ROUTE-DRC-PB" Name="HDMI_TOP_drc_routed.pb"/>
  <File Type="ROUTE-PWR-RPX" Name="HDMI_TOP_power_routed.rpx"/>
  <File Type="ROUTE-STATUS" Name="HDMI_TOP_route_status.rpt"/>
  <File Type="ROUTE-STATUS-PB" Name="HDMI_TOP_route_status.pb"/>
  <File Type="ROUTE-DCP" Name="HDMI_TOP_routed.dcp"/>
  <File Type="ROUTE-ERROR-DCP" Name="HDMI_TOP_routed_error.dcp"/>
  <File Type="ROUTE-BLACKBOX-DCP" Name="HDMI_TOP_routed_bb.dcp"/>
  <File Type="ROUTE-TIMINGSUMMARY" Name="HDMI_TOP_timing_summary_routed.rpt"/>
  <File Type="ROUTE-TIMING-PB" Name="HDMI_TOP_timing_summary_routed.pb"/>
  <File Type="ROUTE-TIMING-RPX" Name="HDMI_TOP_timing_summary_routed.rpx"/>
  <File Type="ROUTE-BUS-SKEW" Name="HDMI_TOP_bus_skew_routed.rpt"/>
  <File Type="ROUTE-BUS-SKEW-PB" Name="HDMI_TOP_bus_skew_routed.pb"/>
  <File Type="ROUTE-BUS-SKEW-RPX" Name="HDMI_TOP_bus_skew_routed.rpx"/>
  <File Type="OPT-DCP" Name="HDMI_TOP_opt.dcp"/>
  <File Type="PLACE-DCP" Name="HDMI_TOP_placed.dcp"/>
  <File Type="PWROPT-DCP" Name="HDMI_TOP_pwropt.dcp"/>
  <File Type="POSTPLACE-PWROPT-DCP" Name="HDMI_TOP_postplace_pwropt.dcp"/>
  <File Type="PHYSOPT-DCP" Name="HDMI_TOP_physopt.dcp"/>
  <File Type="POSTROUTE-PHYSOPT-DCP" Name="HDMI_TOP_postroute_physopt.dcp"/>
  <File Type="POSTROUTE-PHYSOPT-BLACKBOX-DCP" Name="HDMI_TOP_postroute_physopt_bb.dcp"/>
  <File Type="ROUTE-METHODOLOGY-DRC-PB" Name="HDMI_TOP_methodology_drc_routed.pb"/>
  <File Type="ROUTE-DRC-RPX" Name="HDMI_TOP_drc_routed.rpx"/>
  <File Type="ROUTE-METHODOLOGY-DRC-RPX" Name="HDMI_TOP_methodology_drc_routed.rpx"/>
  <File Type="PDI-FILE" Name="HDMI_TOP.pdi"/>
  <File Type="RCFI_FILE" Name="HDMI_TOP.rcfi"/>
  <File Type="CFI_FILE" Name="HDMI_TOP.cfi"/>
  <File Type="RNPI_FILE" Name="HDMI_TOP.rnpi"/>
  <File Type="NPI_FILE" Name="HDMI_TOP.npi"/>
  <File Type="RBD_FILE" Name="HDMI_TOP.rbd"/>
  <FileSet Name="sources" Type="DesignSrcs" RelSrcDir="$PSRCDIR/sources_1" RelGenDir="$PGENDIR/sources_1">
    <Filter Type="Srcs"/>
    <File Path="$PSRCDIR/sources_1/imports/src/myPrescaler.v">
      <FileInfo>
        <Attr Name="ImportPath" Val="$PPRDIR/../../../../../../../../../../EEE3313_projects/final_project/src/myPrescaler.v"/>
        <Attr Name="ImportTime" Val="1683590383"/>
        <Attr Name="UsedIn" Val="synthesis"/>
        <Attr Name="UsedIn" Val="implementation"/>
        <Attr Name="UsedIn" Val="simulation"/>
      </FileInfo>
    </File>
    <File Path="$PSRCDIR/sources_1/imports/src/myI2STx_v1_0.v">
      <FileInfo>
        <Attr Name="ImportPath" Val="$PPRDIR/../../../../../../../../../../EEE3313_projects/final_project/src/myI2STx_v1_0.v"/>
        <Attr Name="ImportTime" Val="1683590383"/>
        <Attr Name="UsedIn" Val="synthesis"/>
        <Attr Name="UsedIn" Val="implementation"/>
        <Attr Name="UsedIn" Val="simulation"/>
      </FileInfo>
    </File>
    <File Path="$PSRCDIR/sources_1/imports/src/mySPIRxTx_v1_0.v">
      <FileInfo>
        <Attr Name="ImportPath" Val="$PPRDIR/../../../../../../../../../../EEE3313_projects/final_project/src/mySPIRxTx_v1_0.v"/>
        <Attr Name="ImportTime" Val="1683590383"/>
        <Attr Name="UsedIn" Val="synthesis"/>
        <Attr Name="UsedIn" Val="implementation"/>
        <Attr Name="UsedIn" Val="simulation"/>
      </FileInfo>
    </File>
    <File Path="$PSRCDIR/sources_1/bd/audio_system/audio_system.bd">
      <FileInfo>
        <Attr Name="ImportPath" Val="$PPRDIR/../../../../../../../../../../EEE3313_projects/final_project/final_project.srcs/sources_1/bd/audio_system/audio_system.bd"/>
        <Attr Name="ImportTime" Val="1687359500"/>
        <Attr Name="UsedIn" Val="synthesis"/>
        <Attr Name="UsedIn" Val="implementation"/>
        <Attr Name="UsedIn" Val="simulation"/>
      </FileInfo>
    </File>
    <File Path="$PSRCDIR/sources_1/imports/src/async_reset.v">
      <FileInfo>
        <Attr Name="ImportPath" Val="$PPRDIR/../../../../../../../../../../EEE3313_projects/final_project/src/async_reset.v"/>
        <Attr Name="ImportTime" Val="1687028743"/>
        <Attr Name="UsedIn" Val="synthesis"/>
        <Attr Name="UsedIn" Val="implementation"/>
        <Attr Name="UsedIn" Val="simulation"/>
      </FileInfo>
    </File>
    <File Path="$PSRCDIR/sources_1/imports/audio_system_wrapper.v">
      <FileInfo>
        <Attr Name="ImportPath" Val="$PPRDIR/../../../../../../../../../../EEE3313_projects/final_project/final_project.gen/sources_1/bd/audio_system/hdl/audio_system_wrapper.v"/>
        <Attr Name="ImportTime" Val="1687170218"/>
        <Attr Name="UsedIn" Val="synthesis"/>
        <Attr Name="UsedIn" Val="implementation"/>
        <Attr Name="UsedIn" Val="simulation"/>
      </FileInfo>
    </File>
    <File Path="$PSRCDIR/sources_1/imports/src/img_src/background_img.v">
      <FileInfo>
        <Attr Name="ImportPath" Val="$PPRDIR/../../../../../../../../../../EEE3313_projects/final_project/src/img_src/background_img.v"/>
        <Attr Name="ImportTime" Val="1687229236"/>
        <Attr Name="UsedIn" Val="synthesis"/>
        <Attr Name="UsedIn" Val="implementation"/>
        <Attr Name="UsedIn" Val="simulation"/>
      </FileInfo>
    </File>
    <File Path="$PSRCDIR/sources_1/imports/src/display_clocks.v">
      <FileInfo>
        <Attr Name="ImportPath" Val="$PPRDIR/../../../../../../../../../../EEE3313_projects/final_project/src/display_clocks.v"/>
        <Attr Name="ImportTime" Val="1687350722"/>
        <Attr Name="UsedIn" Val="synthesis"/>
        <Attr Name="UsedIn" Val="implementation"/>
        <Attr Name="UsedIn" Val="simulation"/>
      </FileInfo>
    </File>
    <File Path="$PSRCDIR/sources_1/imports/src/display_timings.v">
      <FileInfo>
        <Attr Name="ImportPath" Val="$PPRDIR/../../../../../../../../../../EEE3313_projects/final_project/src/display_timings.v"/>
        <Attr Name="ImportTime" Val="1687269144"/>
        <Attr Name="UsedIn" Val="synthesis"/>
        <Attr Name="UsedIn" Val="implementation"/>
        <Attr Name="UsedIn" Val="simulation"/>
      </FileInfo>
    </File>
    <File Path="$PSRCDIR/sources_1/imports/src/dvi_generator.v">
      <FileInfo>
        <Attr Name="ImportPath" Val="$PPRDIR/../../../../../../../../../../EEE3313_projects/final_project/src/dvi_generator.v"/>
        <Attr Name="ImportTime" Val="1687028738"/>
        <Attr Name="UsedIn" Val="synthesis"/>
        <Attr Name="UsedIn" Val="implementation"/>
        <Attr Name="UsedIn" Val="simulation"/>
      </FileInfo>
    </File>
    <File Path="$PSRCDIR/sources_1/imports/src/gfx_inst.v">
      <FileInfo>
        <Attr Name="ImportPath" Val="$PPRDIR/../../../../../../../../../../EEE3313_projects/final_project/src/gfx_inst.v"/>
        <Attr Name="ImportTime" Val="1687358620"/>
        <Attr Name="UsedIn" Val="synthesis"/>
        <Attr Name="UsedIn" Val="implementation"/>
        <Attr Name="UsedIn" Val="simulation"/>
      </FileInfo>
    </File>
    <File Path="$PSRCDIR/sources_1/imports/src/serializer_10to1.v">
      <FileInfo>
        <Attr Name="ImportPath" Val="$PPRDIR/../../../../../../../../../../EEE3313_projects/final_project/src/serializer_10to1.v"/>
        <Attr Name="ImportTime" Val="1687028721"/>
        <Attr Name="UsedIn" Val="synthesis"/>
        <Attr Name="UsedIn" Val="implementation"/>
        <Attr Name="UsedIn" Val="simulation"/>
      </FileInfo>
    </File>
    <File Path="$PSRCDIR/sources_1/imports/src/tmds_encoder_dvi.v">
      <FileInfo>
        <Attr Name="ImportPath" Val="$PPRDIR/../../../../../../../../../../EEE3313_projects/final_project/src/tmds_encoder_dvi.v"/>
        <Attr Name="ImportTime" Val="1687028707"/>
        <Attr Name="UsedIn" Val="synthesis"/>
        <Attr Name="UsedIn" Val="implementation"/>
        <Attr Name="UsedIn" Val="simulation"/>
      </FileInfo>
    </File>
    <File Path="$PSRCDIR/sources_1/imports/src/img_src/sprite_coin_center.v">
      <FileInfo SFType="SVerilog">
        <Attr Name="ImportPath" Val="$PPRDIR/../../../../../../../../../../EEE3313_projects/final_project/src/img_src/sprite_coin_center.v"/>
        <Attr Name="ImportTime" Val="1687355588"/>
        <Attr Name="UsedIn" Val="synthesis"/>
        <Attr Name="UsedIn" Val="implementation"/>
        <Attr Name="UsedIn" Val="simulation"/>
      </FileInfo>
    </File>
    <File Path="$PSRCDIR/sources_1/imports/src/img_src/sprite_coin_left.v">
      <FileInfo SFType="SVerilog">
        <Attr Name="ImportPath" Val="$PPRDIR/../../../../../../../../../../EEE3313_projects/final_project/src/img_src/sprite_coin_left.v"/>
        <Attr Name="ImportTime" Val="1687355604"/>
        <Attr Name="UsedIn" Val="synthesis"/>
        <Attr Name="UsedIn" Val="implementation"/>
        <Attr Name="UsedIn" Val="simulation"/>
      </FileInfo>
    </File>
    <File Path="$PSRCDIR/sources_1/imports/src/img_src/sprite_coin_right.v">
      <FileInfo SFType="SVerilog">
        <Attr Name="ImportPath" Val="$PPRDIR/../../../../../../../../../../EEE3313_projects/final_project/src/img_src/sprite_coin_right.v"/>
        <Attr Name="ImportTime" Val="1687355619"/>
        <Attr Name="UsedIn" Val="synthesis"/>
        <Attr Name="UsedIn" Val="implementation"/>
        <Attr Name="UsedIn" Val="simulation"/>
      </FileInfo>
    </File>
    <File Path="$PSRCDIR/sources_1/imports/src/img_src/sprite_distance.v">
      <FileInfo SFType="SVerilog">
        <Attr Name="ImportPath" Val="$PPRDIR/../../../../../../../../../../EEE3313_projects/final_project/src/img_src/sprite_distance.v"/>
        <Attr Name="ImportTime" Val="1687355804"/>
        <Attr Name="UsedIn" Val="synthesis"/>
        <Attr Name="UsedIn" Val="implementation"/>
        <Attr Name="UsedIn" Val="simulation"/>
      </FileInfo>
    </File>
    <File Path="$PSRCDIR/sources_1/imports/src/img_src/sprite_glacier1.v">
      <FileInfo SFType="SVerilog">
        <Attr Name="ImportPath" Val="$PPRDIR/../../../../../../../../../../EEE3313_projects/final_project/src/img_src/sprite_glacier1.v"/>
        <Attr Name="ImportTime" Val="1687355855"/>
        <Attr Name="UsedIn" Val="synthesis"/>
        <Attr Name="UsedIn" Val="implementation"/>
        <Attr Name="UsedIn" Val="simulation"/>
      </FileInfo>
    </File>
    <File Path="$PSRCDIR/sources_1/imports/src/img_src/sprite_glacier2.v">
      <FileInfo SFType="SVerilog">
        <Attr Name="ImportPath" Val="$PPRDIR/../../../../../../../../../../EEE3313_projects/final_project/src/img_src/sprite_glacier2.v"/>
        <Attr Name="ImportTime" Val="1687353187"/>
        <Attr Name="UsedIn" Val="synthesis"/>
        <Attr Name="UsedIn" Val="implementation"/>
      </FileInfo>
    </File>
    <File Path="$PSRCDIR/sources_1/imports/src/img_src/sprite_life.v">
      <FileInfo SFType="SVerilog">
        <Attr Name="ImportPath" Val="$PPRDIR/../../../../../../../../../../EEE3313_projects/final_project/src/img_src/sprite_life.v"/>
        <Attr Name="ImportTime" Val="1687355476"/>
        <Attr Name="UsedIn" Val="synthesis"/>
        <Attr Name="UsedIn" Val="implementation"/>
        <Attr Name="UsedIn" Val="simulation"/>
      </FileInfo>
    </File>
    <File Path="$PSRCDIR/sources_1/imports/src/img_src/sprite_obstacle_center.v">
      <FileInfo SFType="SVerilog">
        <Attr Name="ImportPath" Val="$PPRDIR/../../../../../../../../../../EEE3313_projects/final_project/src/img_src/sprite_obstacle_center.v"/>
        <Attr Name="ImportTime" Val="1687355567"/>
        <Attr Name="UsedIn" Val="synthesis"/>
        <Attr Name="UsedIn" Val="implementation"/>
        <Attr Name="UsedIn" Val="simulation"/>
      </FileInfo>
    </File>
    <File Path="$PSRCDIR/sources_1/imports/src/img_src/sprite_obstacle_left.v">
      <FileInfo SFType="SVerilog">
        <Attr Name="ImportPath" Val="$PPRDIR/../../../../../../../../../../EEE3313_projects/final_project/src/img_src/sprite_obstacle_left.v"/>
        <Attr Name="ImportTime" Val="1687355533"/>
        <Attr Name="UsedIn" Val="synthesis"/>
        <Attr Name="UsedIn" Val="implementation"/>
        <Attr Name="UsedIn" Val="simulation"/>
      </FileInfo>
    </File>
    <File Path="$PSRCDIR/sources_1/imports/src/img_src/sprite_obstacle_right.v">
      <FileInfo SFType="SVerilog">
        <Attr Name="ImportPath" Val="$PPRDIR/../../../../../../../../../../EEE3313_projects/final_project/src/img_src/sprite_obstacle_right.v"/>
        <Attr Name="ImportTime" Val="1687355822"/>
        <Attr Name="UsedIn" Val="synthesis"/>
        <Attr Name="UsedIn" Val="implementation"/>
        <Attr Name="UsedIn" Val="simulation"/>
      </FileInfo>
    </File>
    <File Path="$PSRCDIR/sources_1/imports/src/img_src/sprite_penguin.v">
      <FileInfo SFType="SVerilog">
        <Attr Name="ImportPath" Val="$PPRDIR/../../../../../../../../../../EEE3313_projects/final_project/src/img_src/sprite_penguin.v"/>
        <Attr Name="ImportTime" Val="1687358703"/>
        <Attr Name="UsedIn" Val="synthesis"/>
        <Attr Name="UsedIn" Val="implementation"/>
        <Attr Name="UsedIn" Val="simulation"/>
      </FileInfo>
    </File>
    <File Path="$PSRCDIR/sources_1/imports/src/img_src/sprite_score.v">
      <FileInfo SFType="SVerilog">
        <Attr Name="ImportPath" Val="$PPRDIR/../../../../../../../../../../EEE3313_projects/final_project/src/img_src/sprite_score.v"/>
        <Attr Name="ImportTime" Val="1687346412"/>
        <Attr Name="UsedIn" Val="synthesis"/>
        <Attr Name="UsedIn" Val="implementation"/>
        <Attr Name="UsedIn" Val="simulation"/>
      </FileInfo>
    </File>
    <File Path="$PSRCDIR/sources_1/imports/src/img_src/sprite_student_id.v">
      <FileInfo SFType="SVerilog">
        <Attr Name="ImportPath" Val="$PPRDIR/../../../../../../../../../../EEE3313_projects/final_project/src/img_src/sprite_student_id.v"/>
        <Attr Name="ImportTime" Val="1687304704"/>
        <Attr Name="UsedIn" Val="synthesis"/>
        <Attr Name="UsedIn" Val="implementation"/>
        <Attr Name="UsedIn" Val="simulation"/>
      </FileInfo>
    </File>
    <File Path="$PSRCDIR/sources_1/imports/src/HDMI_TOP.v">
      <FileInfo>
        <Attr Name="ImportPath" Val="$PPRDIR/../../../../../../../../../../EEE3313_projects/final_project/src/HDMI_TOP.v"/>
        <Attr Name="ImportTime" Val="1687355851"/>
        <Attr Name="UsedIn" Val="synthesis"/>
        <Attr Name="UsedIn" Val="implementation"/>
        <Attr Name="UsedIn" Val="simulation"/>
      </FileInfo>
    </File>
    <Config>
      <Option Name="DesignMode" Val="RTL"/>
      <Option Name="TopModule" Val="HDMI_TOP"/>
    </Config>
  </FileSet>
  <FileSet Name="constrs_in" Type="Constrs" RelSrcDir="$PSRCDIR/constrs_1">
    <Filter Type="Constrs"/>
    <File Path="$PSRCDIR/constrs_1/imports/constraints/xdc.xdc">
      <FileInfo>
        <Attr Name="ImportPath" Val="$PPRDIR/../../../../../../../../../../EEE3313_projects/final_project/constraints/xdc.xdc"/>
        <Attr Name="ImportTime" Val="1687350636"/>
        <Attr Name="UsedIn" Val="synthesis"/>
        <Attr Name="UsedIn" Val="implementation"/>
      </FileInfo>
    </File>
    <Config>
      <Option Name="ConstrsType" Val="XDC"/>
    </Config>
  </FileSet>
  <FileSet Name="utils" Type="Utils" RelSrcDir="$PSRCDIR/utils_1">
    <Filter Type="Utils"/>
    <Config>
      <Option Name="TopAutoSet" Val="TRUE"/>
    </Config>
  </FileSet>
  <Strategy Version="1" Minor="2">
    <StratHandle Name="Vivado Implementation Defaults" Flow="Vivado Implementation 2020"/>
    <Step Id="init_design"/>
    <Step Id="opt_design"/>
    <Step Id="power_opt_design"/>
    <Step Id="place_design"/>
    <Step Id="post_place_power_opt_design"/>
    <Step Id="phys_opt_design"/>
    <Step Id="route_design"/>
    <Step Id="post_route_phys_opt_design"/>
    <Step Id="write_bitstream"/>
    <Step Id="write_device_image"/>
  </Strategy>
  <BlockFileSet Type="BlockSrcs" Name="audio_system_myPrescaler_1_0"/>
  <BlockFileSet Type="BlockSrcs" Name="audio_system_xbar_0"/>
  <BlockFileSet Type="BlockSrcs" Name="audio_system_auto_pc_2"/>
  <BlockFileSet Type="BlockSrcs" Name="audio_system_myI2STx_v1_0_0_0"/>
  <BlockFileSet Type="BlockSrcs" Name="audio_system_mySPIRxTx_v1_0_0_0"/>
  <BlockFileSet Type="BlockSrcs" Name="audio_system_axi_fifo_mm_s_0_0"/>
  <BlockFileSet Type="BlockSrcs" Name="audio_system_processing_system7_0_0"/>
  <BlockFileSet Type="BlockSrcs" Name="audio_system_proc_sys_reset_0_0"/>
  <BlockFileSet Type="BlockSrcs" Name="audio_system_axi_fifo_mm_s_1_0"/>
  <BlockFileSet Type="BlockSrcs" Name="audio_system_myPrescaler_0_0"/>
  <BlockFileSet Type="BlockSrcs" Name="audio_system_auto_pc_0"/>
  <BlockFileSet Type="BlockSrcs" Name="audio_system_auto_pc_1"/>
</GenRun>
