<?xml version="1.0" encoding="UTF-8"?>
<GenRun Id="synth_1" LaunchPart="xc7z020clg400-1" LaunchTime="1687358710">
  <File Type="PA-TCL" Name="HDMI_TOP.tcl"/>
  <File Type="REPORTS-TCL" Name="HDMI_TOP_reports.tcl"/>
  <File Type="RDS-RDS" Name="HDMI_TOP.vds"/>
  <File Type="RDS-UTIL" Name="HDMI_TOP_utilization_synth.rpt"/>
  <File Type="RDS-UTIL-PB" Name="HDMI_TOP_utilization_synth.pb"/>
  <File Type="RDS-DCP" Name="HDMI_TOP.dcp"/>
  <FileSet Name="sources" Type="DesignSrcs" RelSrcDir="$PSRCDIR/sources_1" RelGenDir="$PGENDIR/sources_1">
    <Filter Type="Srcs"/>
    <File Path="$PSRCDIR/sources_1/imports/src/myPrescaler.v">
      <FileInfo>
        <Attr Name="ImportPath" Val="$PPRDIR/../../../../../../../../../../EEE3313_projects/final_project/src/myPrescaler.v"/>
        <Attr Name="ImportTime" Val="1683590383"/>
        <Attr Name="UsedIn" Val="synthesis"/>
        <Attr Name="UsedIn" Val="implementation"/>
        <Attr Name="UsedIn" Val="simulation"/>
      </FileInfo>
    </File>
    <File Path="$PSRCDIR/sources_1/imports/src/myI2STx_v1_0.v">
      <FileInfo>
        <Attr Name="ImportPath" Val="$PPRDIR/../../../../../../../../../../EEE3313_projects/final_project/src/myI2STx_v1_0.v"/>
        <Attr Name="ImportTime" Val="1683590383"/>
        <Attr Name="UsedIn" Val="synthesis"/>
        <Attr Name="UsedIn" Val="implementation"/>
        <Attr Name="UsedIn" Val="simulation"/>
      </FileInfo>
    </File>
    <File Path="$PSRCDIR/sources_1/imports/src/mySPIRxTx_v1_0.v">
      <FileInfo>
        <Attr Name="ImportPath" Val="$PPRDIR/../../../../../../../../../../EEE3313_projects/final_project/src/mySPIRxTx_v1_0.v"/>
        <Attr Name="ImportTime" Val="1683590383"/>
        <Attr Name="UsedIn" Val="synthesis"/>
        <Attr Name="UsedIn" Val="implementation"/>
        <Attr Name="UsedIn" Val="simulation"/>
      </FileInfo>
    </File>
    <File Path="$PSRCDIR/sources_1/bd/audio_system/audio_system.bd">
      <FileInfo>
        <Attr Name="ImportPath" Val="$PPRDIR/../../../../../../../../../../EEE3313_projects/final_project/final_project.srcs/sources_1/bd/audio_system/audio_system.bd"/>
        <Attr Name="ImportTime" Val="1687359500"/>
        <Attr Name="UsedIn" Val="synthesis"/>
        <Attr Name="UsedIn" Val="implementation"/>
        <Attr Name="UsedIn" Val="simulation"/>
      </FileInfo>
    </File>
    <File Path="$PSRCDIR/sources_1/imports/src/async_reset.v">
      <FileInfo>
        <Attr Name="ImportPath" Val="$PPRDIR/../../../../../../../../../../EEE3313_projects/final_project/src/async_reset.v"/>
        <Attr Name="ImportTime" Val="1687028743"/>
        <Attr Name="UsedIn" Val="synthesis"/>
        <Attr Name="UsedIn" Val="implementation"/>
        <Attr Name="UsedIn" Val="simulation"/>
      </FileInfo>
    </File>
    <File Path="$PSRCDIR/sources_1/imports/audio_system_wrapper.v">
      <FileInfo>
        <Attr Name="ImportPath" Val="$PPRDIR/../../../../../../../../../../EEE3313_projects/final_project/final_project.gen/sources_1/bd/audio_system/hdl/audio_system_wrapper.v"/>
        <Attr Name="ImportTime" Val="1687170218"/>
        <Attr Name="UsedIn" Val="synthesis"/>
        <Attr Name="UsedIn" Val="implementation"/>
        <Attr Name="UsedIn" Val="simulation"/>
      </FileInfo>
    </File>
    <File Path="$PSRCDIR/sources_1/imports/src/img_src/background_img.v">
      <FileInfo>
        <Attr Name="ImportPath" Val="$PPRDIR/../../../../../../../../../../EEE3313_projects/final_project/src/img_src/background_img.v"/>
        <Attr Name="ImportTime" Val="1687229236"/>
        <Attr Name="UsedIn" Val="synthesis"/>
        <Attr Name="UsedIn" Val="implementation"/>
        <Attr Name="UsedIn" Val="simulation"/>
      </FileInfo>
    </File>
    <File Path="$PSRCDIR/sources_1/imports/src/display_clocks.v">
      <FileInfo>
        <Attr Name="ImportPath" Val="$PPRDIR/../../../../../../../../../../EEE3313_projects/final_project/src/display_clocks.v"/>
        <Attr Name="ImportTime" Val="1687350722"/>
        <Attr Name="UsedIn" Val="synthesis"/>
        <Attr Name="UsedIn" Val="implementation"/>
        <Attr Name="UsedIn" Val="simulation"/>
      </FileInfo>
    </File>
    <File Path="$PSRCDIR/sources_1/imports/src/display_timings.v">
      <FileInfo>
        <Attr Name="ImportPath" Val="$PPRDIR/../../../../../../../../../../EEE3313_projects/final_project/src/display_timings.v"/>
        <Attr Name="ImportTime" Val="1687269144"/>
        <Attr Name="UsedIn" Val="synthesis"/>
        <Attr Name="UsedIn" Val="implementation"/>
        <Attr Name="UsedIn" Val="simulation"/>
      </FileInfo>
    </File>
    <File Path="$PSRCDIR/sources_1/imports/src/dvi_generator.v">
      <FileInfo>
        <Attr Name="ImportPath" Val="$PPRDIR/../../../../../../../../../../EEE3313_projects/final_project/src/dvi_generator.v"/>
        <Attr Name="ImportTime" Val="1687028738"/>
        <Attr Name="UsedIn" Val="synthesis"/>
        <Attr Name="UsedIn" Val="implementation"/>
        <Attr Name="UsedIn" Val="simulation"/>
      </FileInfo>
    </File>
    <File Path="$PSRCDIR/sources_1/imports/src/gfx_inst.v">
      <FileInfo>
        <Attr Name="ImportPath" Val="$PPRDIR/../../../../../../../../../../EEE3313_projects/final_project/src/gfx_inst.v"/>
        <Attr Name="ImportTime" Val="1687358620"/>
        <Attr Name="UsedIn" Val="synthesis"/>
        <Attr Name="UsedIn" Val="implementation"/>
        <Attr Name="UsedIn" Val="simulation"/>
      </FileInfo>
    </File>
    <File Path="$PSRCDIR/sources_1/imports/src/serializer_10to1.v">
      <FileInfo>
        <Attr Name="ImportPath" Val="$PPRDIR/../../../../../../../../../../EEE3313_projects/final_project/src/serializer_10to1.v"/>
        <Attr Name="ImportTime" Val="1687028721"/>
        <Attr Name="UsedIn" Val="synthesis"/>
        <Attr Name="UsedIn" Val="implementation"/>
        <Attr Name="UsedIn" Val="simulation"/>
      </FileInfo>
    </File>
    <File Path="$PSRCDIR/sources_1/imports/src/tmds_encoder_dvi.v">
      <FileInfo>
        <Attr Name="ImportPath" Val="$PPRDIR/../../../../../../../../../../EEE3313_projects/final_project/src/tmds_encoder_dvi.v"/>
        <Attr Name="ImportTime" Val="1687028707"/>
        <Attr Name="UsedIn" Val="synthesis"/>
        <Attr Name="UsedIn" Val="implementation"/>
        <Attr Name="UsedIn" Val="simulation"/>
      </FileInfo>
    </File>
    <File Path="$PSRCDIR/sources_1/imports/src/img_src/sprite_coin_center.v">
      <FileInfo SFType="SVerilog">
        <Attr Name="ImportPath" Val="$PPRDIR/../../../../../../../../../../EEE3313_projects/final_project/src/img_src/sprite_coin_center.v"/>
        <Attr Name="ImportTime" Val="1687355588"/>
        <Attr Name="UsedIn" Val="synthesis"/>
        <Attr Name="UsedIn" Val="implementation"/>
        <Attr Name="UsedIn" Val="simulation"/>
      </FileInfo>
    </File>
    <File Path="$PSRCDIR/sources_1/imports/src/img_src/sprite_coin_left.v">
      <FileInfo SFType="SVerilog">
        <Attr Name="ImportPath" Val="$PPRDIR/../../../../../../../../../../EEE3313_projects/final_project/src/img_src/sprite_coin_left.v"/>
        <Attr Name="ImportTime" Val="1687355604"/>
        <Attr Name="UsedIn" Val="synthesis"/>
        <Attr Name="UsedIn" Val="implementation"/>
        <Attr Name="UsedIn" Val="simulation"/>
      </FileInfo>
    </File>
    <File Path="$PSRCDIR/sources_1/imports/src/img_src/sprite_coin_right.v">
      <FileInfo SFType="SVerilog">
        <Attr Name="ImportPath" Val="$PPRDIR/../../../../../../../../../../EEE3313_projects/final_project/src/img_src/sprite_coin_right.v"/>
        <Attr Name="ImportTime" Val="1687355619"/>
        <Attr Name="UsedIn" Val="synthesis"/>
        <Attr Name="UsedIn" Val="implementation"/>
        <Attr Name="UsedIn" Val="simulation"/>
      </FileInfo>
    </File>
    <File Path="$PSRCDIR/sources_1/imports/src/img_src/sprite_distance.v">
      <FileInfo SFType="SVerilog">
        <Attr Name="ImportPath" Val="$PPRDIR/../../../../../../../../../../EEE3313_projects/final_project/src/img_src/sprite_distance.v"/>
        <Attr Name="ImportTime" Val="1687355804"/>
        <Attr Name="UsedIn" Val="synthesis"/>
        <Attr Name="UsedIn" Val="implementation"/>
        <Attr Name="UsedIn" Val="simulation"/>
      </FileInfo>
    </File>
    <File Path="$PSRCDIR/sources_1/imports/src/img_src/sprite_glacier1.v">
      <FileInfo SFType="SVerilog">
        <Attr Name="ImportPath" Val="$PPRDIR/../../../../../../../../../../EEE3313_projects/final_project/src/img_src/sprite_glacier1.v"/>
        <Attr Name="ImportTime" Val="1687355855"/>
        <Attr Name="UsedIn" Val="synthesis"/>
        <Attr Name="UsedIn" Val="implementation"/>
        <Attr Name="UsedIn" Val="simulation"/>
      </FileInfo>
    </File>
    <File Path="$PSRCDIR/sources_1/imports/src/img_src/sprite_glacier2.v">
      <FileInfo SFType="SVerilog">
        <Attr Name="ImportPath" Val="$PPRDIR/../../../../../../../../../../EEE3313_projects/final_project/src/img_src/sprite_glacier2.v"/>
        <Attr Name="ImportTime" Val="1687353187"/>
        <Attr Name="UsedIn" Val="synthesis"/>
        <Attr Name="UsedIn" Val="implementation"/>
      </FileInfo>
    </File>
    <File Path="$PSRCDIR/sources_1/imports/src/img_src/sprite_life.v">
      <FileInfo SFType="SVerilog">
        <Attr Name="ImportPath" Val="$PPRDIR/../../../../../../../../../../EEE3313_projects/final_project/src/img_src/sprite_life.v"/>
        <Attr Name="ImportTime" Val="1687355476"/>
        <Attr Name="UsedIn" Val="synthesis"/>
        <Attr Name="UsedIn" Val="implementation"/>
        <Attr Name="UsedIn" Val="simulation"/>
      </FileInfo>
    </File>
    <File Path="$PSRCDIR/sources_1/imports/src/img_src/sprite_obstacle_center.v">
      <FileInfo SFType="SVerilog">
        <Attr Name="ImportPath" Val="$PPRDIR/../../../../../../../../../../EEE3313_projects/final_project/src/img_src/sprite_obstacle_center.v"/>
        <Attr Name="ImportTime" Val="1687355567"/>
        <Attr Name="UsedIn" Val="synthesis"/>
        <Attr Name="UsedIn" Val="implementation"/>
        <Attr Name="UsedIn" Val="simulation"/>
      </FileInfo>
    </File>
    <File Path="$PSRCDIR/sources_1/imports/src/img_src/sprite_obstacle_left.v">
      <FileInfo SFType="SVerilog">
        <Attr Name="ImportPath" Val="$PPRDIR/../../../../../../../../../../EEE3313_projects/final_project/src/img_src/sprite_obstacle_left.v"/>
        <Attr Name="ImportTime" Val="1687355533"/>
        <Attr Name="UsedIn" Val="synthesis"/>
        <Attr Name="UsedIn" Val="implementation"/>
        <Attr Name="UsedIn" Val="simulation"/>
      </FileInfo>
    </File>
    <File Path="$PSRCDIR/sources_1/imports/src/img_src/sprite_obstacle_right.v">
      <FileInfo SFType="SVerilog">
        <Attr Name="ImportPath" Val="$PPRDIR/../../../../../../../../../../EEE3313_projects/final_project/src/img_src/sprite_obstacle_right.v"/>
        <Attr Name="ImportTime" Val="1687355822"/>
        <Attr Name="UsedIn" Val="synthesis"/>
        <Attr Name="UsedIn" Val="implementation"/>
        <Attr Name="UsedIn" Val="simulation"/>
      </FileInfo>
    </File>
    <File Path="$PSRCDIR/sources_1/imports/src/img_src/sprite_penguin.v">
      <FileInfo SFType="SVerilog">
        <Attr Name="ImportPath" Val="$PPRDIR/../../../../../../../../../../EEE3313_projects/final_project/src/img_src/sprite_penguin.v"/>
        <Attr Name="ImportTime" Val="1687358703"/>
        <Attr Name="UsedIn" Val="synthesis"/>
        <Attr Name="UsedIn" Val="implementation"/>
        <Attr Name="UsedIn" Val="simulation"/>
      </FileInfo>
    </File>
    <File Path="$PSRCDIR/sources_1/imports/src/img_src/sprite_score.v">
      <FileInfo SFType="SVerilog">
        <Attr Name="ImportPath" Val="$PPRDIR/../../../../../../../../../../EEE3313_projects/final_project/src/img_src/sprite_score.v"/>
        <Attr Name="ImportTime" Val="1687346412"/>
        <Attr Name="UsedIn" Val="synthesis"/>
        <Attr Name="UsedIn" Val="implementation"/>
        <Attr Name="UsedIn" Val="simulation"/>
      </FileInfo>
    </File>
    <File Path="$PSRCDIR/sources_1/imports/src/img_src/sprite_student_id.v">
      <FileInfo SFType="SVerilog">
        <Attr Name="ImportPath" Val="$PPRDIR/../../../../../../../../../../EEE3313_projects/final_project/src/img_src/sprite_student_id.v"/>
        <Attr Name="ImportTime" Val="1687304704"/>
        <Attr Name="UsedIn" Val="synthesis"/>
        <Attr Name="UsedIn" Val="implementation"/>
        <Attr Name="UsedIn" Val="simulation"/>
      </FileInfo>
    </File>
    <File Path="$PSRCDIR/sources_1/imports/src/HDMI_TOP.v">
      <FileInfo>
        <Attr Name="ImportPath" Val="$PPRDIR/../../../../../../../../../../EEE3313_projects/final_project/src/HDMI_TOP.v"/>
        <Attr Name="ImportTime" Val="1687355851"/>
        <Attr Name="UsedIn" Val="synthesis"/>
        <Attr Name="UsedIn" Val="implementation"/>
        <Attr Name="UsedIn" Val="simulation"/>
      </FileInfo>
    </File>
    <Config>
      <Option Name="DesignMode" Val="RTL"/>
      <Option Name="TopModule" Val="HDMI_TOP"/>
    </Config>
  </FileSet>
  <FileSet Name="constrs_in" Type="Constrs" RelSrcDir="$PSRCDIR/constrs_1">
    <Filter Type="Constrs"/>
    <File Path="$PSRCDIR/constrs_1/imports/constraints/xdc.xdc">
      <FileInfo>
        <Attr Name="ImportPath" Val="$PPRDIR/../../../../../../../../../../EEE3313_projects/final_project/constraints/xdc.xdc"/>
        <Attr Name="ImportTime" Val="1687350636"/>
        <Attr Name="UsedIn" Val="synthesis"/>
        <Attr Name="UsedIn" Val="implementation"/>
      </FileInfo>
    </File>
    <Config>
      <Option Name="ConstrsType" Val="XDC"/>
    </Config>
  </FileSet>
  <FileSet Name="utils" Type="Utils" RelSrcDir="$PSRCDIR/utils_1">
    <Filter Type="Utils"/>
    <Config>
      <Option Name="TopAutoSet" Val="TRUE"/>
    </Config>
  </FileSet>
  <Strategy Version="1" Minor="2">
    <StratHandle Name="Vivado Synthesis Defaults" Flow="Vivado Synthesis 2020"/>
    <Step Id="synth_design"/>
  </Strategy>
  <BlockFileSet Type="BlockSrcs" Name="audio_system_myPrescaler_1_0"/>
  <BlockFileSet Type="BlockSrcs" Name="audio_system_xbar_0"/>
  <BlockFileSet Type="BlockSrcs" Name="audio_system_auto_pc_2"/>
  <BlockFileSet Type="BlockSrcs" Name="audio_system_myI2STx_v1_0_0_0"/>
  <BlockFileSet Type="BlockSrcs" Name="audio_system_mySPIRxTx_v1_0_0_0"/>
  <BlockFileSet Type="BlockSrcs" Name="audio_system_axi_fifo_mm_s_0_0"/>
  <BlockFileSet Type="BlockSrcs" Name="audio_system_processing_system7_0_0"/>
  <BlockFileSet Type="BlockSrcs" Name="audio_system_proc_sys_reset_0_0"/>
  <BlockFileSet Type="BlockSrcs" Name="audio_system_axi_fifo_mm_s_1_0"/>
  <BlockFileSet Type="BlockSrcs" Name="audio_system_myPrescaler_0_0"/>
  <BlockFileSet Type="BlockSrcs" Name="audio_system_auto_pc_0"/>
  <BlockFileSet Type="BlockSrcs" Name="audio_system_auto_pc_1"/>
</GenRun>
